,regiao,estado,municipio,coduf,codmun,codRegiaoSaude,nomeRegiaoSaude,data,semanaEpi,populacaoTCU2019,casosAcumulado,casosNovos,obitosAcumulado,obitosNovos,Recuperadosnovos,emAcompanhamentoNovos,interior/metropolitana
0,Brasil,,,76,,,,2021-01-01,53,210147125.0,7700578.0,24605,195411,462,6747065.0,733959.0,
1,Brasil,,,76,,,,2021-01-02,53,210147125.0,7716405.0,15827,195725,314,6756284.0,748883.0,
2,Brasil,,,76,,,,2021-01-03,1,210147125.0,7733746.0,17341,196018,293,6769420.0,751260.0,
3,Brasil,,,76,,,,2021-01-04,1,210147125.0,7753752.0,20006,196561,543,6813008.0,724720.0,
4,Brasil,,,76,,,,2021-01-05,1,210147125.0,7810400.0,56648,197732,1171,6875230.0,681961.0,
5,Brasil,,,76,,,,2021-01-06,1,210147125.0,7873830.0,63430,198974,1242,6963407.0,649261.0,
6,Brasil,,,76,,,,2021-01-07,1,210147125.0,7961673.0,87843,200498,1524,7036530.0,638326.0,
7,Brasil,,,76,,,,2021-01-08,1,210147125.0,8013708.0,52035,201460,962,7096931.0,664244.0,
8,Brasil,,,76,,,,2021-01-09,1,210147125.0,8075998.0,62290,202631,1171,7114474.0,697774.0,
9,Brasil,,,76,,,,2021-01-10,2,210147125.0,8105790.0,29792,203100,469,7144011.0,729356.0,
10,Brasil,,,76,,,,2021-01-11,2,210147125.0,8131612.0,25822,203580,480,7167651.0,735039.0,
11,Brasil,,,76,,,,2021-01-12,2,210147125.0,8195637.0,64025,204690,1110,7207483.0,720549.0,
12,Brasil,,,76,,,,2021-01-13,2,210147125.0,8256536.0,60899,205964,1274,7273707.0,717240.0,
13,Brasil,,,76,,,,2021-01-14,2,210147125.0,8324294.0,67758,207095,1131,7277195.0,713752.0,
14,Brasil,,,76,,,,2021-01-15,2,210147125.0,8393492.0,69198,208246,1151,7316944.0,733628.0,
15,Brasil,,,76,,,,2021-01-16,2,210147125.0,8455059.0,61567,209296,1050,7339703.0,777496.0,
16,Brasil,,,76,,,,2021-01-17,3,210147125.0,8488099.0,33040,209847,551,7361379.0,823867.0,
17,Brasil,,,76,,,,2021-01-18,3,210147125.0,8511770.0,23671,210299,452,7388784.0,856979.0,
18,Brasil,,,76,,,,2021-01-19,3,210147125.0,8573864.0,62094,211491,1192,7411654.0,866598.0,
19,Brasil,,,76,,,,2021-01-20,3,210147125.0,8638249.0,64385,212831,1340,7452047.0,849424.0,
20,Brasil,,,76,,,,2021-01-21,3,210147125.0,8697368.0,59119,214147,1316,7518846.0,843527.0,
21,Brasil,,,76,,,,2021-01-22,3,210147125.0,8753920.0,56552,215243,1096,7564622.0,860796.0,
22,Brasil,,,76,,,,2021-01-23,3,210147125.0,8816254.0,62334,216445,1202,7580741.0,902480.0,
23,Brasil,,,76,,,,2021-01-24,4,210147125.0,8844577.0,28323,217037,592,7594771.0,943906.0,
24,Brasil,,,76,,,,2021-01-25,4,210147125.0,8871393.0,26816,217664,627,7628438.0,971371.0,
25,Brasil,,,76,,,,2021-01-26,4,210147125.0,8933356.0,61963,218878,1214,7653770.0,973770.0,
26,Brasil,,,76,,,,2021-01-27,4,210147125.0,8996876.0,63520,220161,1283,7709602.0,944127.0,
27,Brasil,,,76,,,,2021-01-28,4,210147125.0,9058687.0,61811,221547,1386,7798655.0,915823.0,
28,Brasil,,,76,,,,2021-01-29,4,210147125.0,9118513.0,59826,222666,1119,7877337.0,899378.0,
29,Brasil,,,76,,,,2021-01-30,4,210147125.0,9176975.0,58462,223945,1279,7923794.0,913346.0,
30,Brasil,,,76,,,,2021-01-31,5,210147125.0,9204731.0,27756,224504,559,7960643.0,935204.0,
31,Brasil,,,76,,,,2021-02-01,5,210147125.0,9229322.0,24591,225099,595,7998246.0,954784.0,
32,Brasil,,,76,,,,2021-02-02,5,210147125.0,9283418.0,54096,226309,1210,8027042.0,953185.0,
33,Brasil,,,76,,,,2021-02-03,5,210147125.0,9339420.0,56002,227563,1254,8077967.0,926256.0,
34,Brasil,,,76,,,,2021-02-04,5,210147125.0,9396293.0,56873,228795,1232,8160929.0,896180.0,
35,Brasil,,,76,,,,2021-02-05,5,210147125.0,9447165.0,50872,230034,1239,8236864.0,874993.0,
36,Brasil,,,76,,,,2021-02-06,5,210147125.0,9497795.0,50630,231012,978,8291763.0,875735.0,
37,Brasil,,,76,,,,2021-02-07,6,210147125.0,9524640.0,26845,231534,522,8326798.0,890333.0,
38,Brasil,,,76,,,,2021-02-08,6,210147125.0,9548079.0,23439,232170,636,8363677.0,903106.0,
39,Brasil,,,76,,,,2021-02-09,6,210147125.0,9599565.0,51486,233520,1350,8397187.0,895919.0,
40,Brasil,,,76,,,,2021-02-10,6,210147125.0,9659167.0,59602,234850,1330,8447645.0,868264.0,
41,Brasil,,,76,,,,2021-02-11,6,210147125.0,9713909.0,54742,236201,1351,8523462.0,842583.0,
42,Brasil,,,76,,,,2021-02-12,6,210147125.0,9765455.0,51546,237489,1288,8596130.0,828187.0,
43,Brasil,,,76,,,,2021-02-13,6,210147125.0,9809754.0,44299,238532,1043,8643693.0,834015.0,
44,Brasil,,,76,,,,2021-02-14,7,210147125.0,9834513.0,24759,239245,713,8678327.0,849639.0,
45,Brasil,,,76,,,,2021-02-15,7,210147125.0,9866710.0,32197,239773,528,8710840.0,860382.0,
46,Brasil,,,76,,,,2021-02-16,7,210147125.0,9921981.0,55271,240940,1167,8745424.0,849844.0,
47,Brasil,,,76,,,,2021-02-17,7,210147125.0,9978747.0,56766,242090,1150,8805239.0,821698.0,
48,Brasil,,,76,,,,2021-02-18,7,210147125.0,10030626.0,51879,243457,1367,8883191.0,797850.0,
49,Brasil,,,76,,,,2021-02-19,7,210147125.0,10081676.0,51050,244765,1308,8950450.0,786207.0,
50,Brasil,,,76,,,,2021-02-20,7,210147125.0,10139148.0,57472,245977,1212,8995246.0,791923.0,
51,Brasil,,,76,,,,2021-02-21,8,210147125.0,10168174.0,29026,246504,527,9029159.0,807752.0,
52,Brasil,,,76,,,,2021-02-22,8,210147125.0,10195160.0,26986,247143,639,9067939.0,825232.0,
53,Brasil,,,76,,,,2021-02-23,8,210147125.0,10257875.0,62715,248529,1386,9095483.0,826187.0,
54,Brasil,,,76,,,,2021-02-24,8,210147125.0,10324463.0,66588,249957,1428,9139215.0,808802.0,
55,Brasil,,,76,,,,2021-02-25,8,210147125.0,10390461.0,65998,251498,1541,9215164.0,794182.0,
56,Brasil,,,76,,,,2021-02-26,8,210147125.0,10455630.0,65169,252835,1337,9281018.0,793488.0,
57,Brasil,,,76,,,,2021-02-27,8,210147125.0,10517232.0,61602,254221,1386,9323696.0,815267.0,
58,Brasil,,,76,,,,2021-02-28,9,210147125.0,10551259.0,34027,254942,721,9386440.0,876571.0,
59,Brasil,,,76,,,,2021-03-01,9,210147125.0,10587001.0,35742,255720,778,9411033.0,885284.0,
60,Brasil,,,76,,,,2021-03-02,9,210147125.0,10646926.0,59925,257361,1641,9457100.0,874181.0,
61,Brasil,,,76,,,,2021-03-03,9,210147125.0,10718630.0,71704,259271,1910,9527173.0,862392.0,
62,Brasil,,,76,,,,2021-03-04,9,210147125.0,10793732.0,75102,260970,1699,9591590.0,867769.0,
63,Brasil,,,76,,,,2021-03-05,9,210147125.0,10869227.0,75495,262770,1800,9637020.0,895742.0,
64,Brasil,,,76,,,,2021-03-06,9,210147125.0,10938836.0,69609,264325,1555,9671410.0,935047.0,
65,Brasil,,,76,,,,2021-03-07,10,210147125.0,11019344.0,80508,265411,1086,9704351.0,970160.0,
66,Brasil,,,76,,,,2021-03-08,10,210147125.0,11051665.0,32321,266398,987,9757178.0,996755.0,
67,Brasil,,,76,,,,2021-03-09,10,210147125.0,11122429.0,70764,268370,1972,9782320.0,1002947.0,
68,Brasil,,,76,,,,2021-03-10,10,210147125.0,11202305.0,79876,270656,2286,9843218.0,1010841.0,
69,Brasil,,,76,,,,2021-03-11,10,210147125.0,11277717.0,75412,272889,2233,9913739.0,1017910.0,
70,Brasil,,,76,,,,2021-03-12,10,210147125.0,11363380.0,85663,275105,2216,9958566.0,1046262.0,
71,Brasil,,,76,,,,2021-03-13,10,210147125.0,11439558.0,76178,277102,1997,10000980.0,1087295.0,
72,Brasil,,,76,,,,2021-03-14,11,210147125.0,11483370.0,43812,278229,1127,10036947.0,1125509.0,
73,Brasil,,,76,,,,2021-03-15,11,210147125.0,11519609.0,36239,279286,1057,10063808.0,1141333.0,
74,Brasil,,,76,,,,2021-03-16,11,210147125.0,11603535.0,83926,282127,2841,10111954.0,1128369.0,
75,Brasil,,,76,,,,2021-03-17,11,210147125.0,11693838.0,90303,284775,2648,10204541.0,1116867.0,
76,Brasil,,,76,,,,2021-03-18,11,210147125.0,11780820.0,86982,287499,2724,10287057.0,1122006.0,
77,Brasil,,,76,,,,2021-03-19,11,210147125.0,11871390.0,90570,290314,2815,10339432.0,1153889.0,
78,Brasil,,,76,,,,2021-03-20,11,210147125.0,11950459.0,79069,292752,2438,10383460.0,1197616.0,
79,Brasil,,,76,,,,2021-03-21,12,210147125.0,11998233.0,47774,294042,1290,10419393.0,1238314.0,
80,Brasil,,,76,,,,2021-03-22,12,210147125.0,12047526.0,49293,295425,1383,10449933.0,1254258.0,
81,Brasil,,,76,,,,2021-03-23,12,210147125.0,12130019.0,82493,298676,3251,10507995.0,1244106.0,
82,Brasil,,,76,,,,2021-03-24,12,210147125.0,12220011.0,89992,300685,2009,10601658.0,1229685.0,
83,Brasil,,,76,,,,2021-03-25,12,210147125.0,12320169.0,100158,303462,2777,10689646.0,1229680.0,
84,Brasil,,,76,,,,2021-03-26,12,210147125.0,12404414.0,84245,307112,3650,10772549.0,1244158.0,
85,Brasil,,,76,,,,2021-03-27,12,210147125.0,12490362.0,85948,310550,3438,10824095.0,1273207.0,
86,Brasil,,,76,,,,2021-03-28,13,210147125.0,12534688.0,44326,312206,1656,10879627.0,1300185.0,
87,Brasil,,,76,,,,2021-03-29,13,210147125.0,12573615.0,38927,313866,1660,10912941.0,1309541.0,
88,Brasil,,,76,,,,2021-03-30,13,210147125.0,12658109.0,84494,317646,3780,10969247.0,1290502.0,
89,Brasil,,,76,,,,2021-03-31,13,210147125.0,12748747.0,90638,321515,3869,11074483.0,1265980.0,
90,Brasil,,,76,,,,2021-04-01,13,210147125.0,12839844.0,91097,325284,3769,11169937.0,1257295.0,
91,Brasil,,,76,,,,2021-04-02,13,210147125.0,12910082.0,70238,328206,2922,11239099.0,1275461.0,
92,Brasil,,,76,,,,2021-04-03,13,210147125.0,12953597.0,43515,330193,1987,11276628.0,1305248.0,
93,Brasil,,,76,,,,2021-04-04,14,210147125.0,12984956.0,31359,331433,1240,11305746.0,1317658.0,
94,Brasil,,,76,,,,2021-04-05,14,210147125.0,13013601.0,28645,332752,1319,11357521.0,1296002.0,
95,Brasil,,,76,,,,2021-04-06,14,210147125.0,13100580.0,86979,336947,4195,11436189.0,1244660.0,
96,Brasil,,,76,,,,2021-04-07,14,210147125.0,13193205.0,92625,340776,3829,11558784.0,1204849.0,
97,Brasil,,,76,,,,2021-04-08,14,210147125.0,13279857.0,86652,345025,4249,11664158.0,1188271.0,
98,Brasil,,,76,,,,2021-04-09,14,210147125.0,13373174.0,93317,348718,3693,11732193.0,1202639.0,
99,Brasil,,,76,,,,2021-04-10,14,210147125.0,13445006.0,71832,351334,2616,11791885.0,1232571.0,
100,Brasil,,,76,,,,2021-04-11,15,210147125.0,13482023.0,37017,353137,1803,11838564.0,1255108.0,
101,Brasil,,,76,,,,2021-04-12,15,210147125.0,13517808.0,35785,354617,1480,11880803.0,1248083.0,
102,Brasil,,,76,,,,2021-04-13,15,210147125.0,13599994.0,82186,358425,3808,11957068.0,1206123.0,
103,Brasil,,,76,,,,2021-04-14,15,210147125.0,13673507.0,73513,361884,3459,12074798.0,1166771.0,
104,Brasil,,,76,,,,2021-04-15,15,210147125.0,13746681.0,73174,365444,3560,12170771.0,1140852.0,
105,Brasil,,,76,,,,2021-04-16,15,210147125.0,13832455.0,85774,368749,3305,12236295.0,1144942.0,
106,Brasil,,,76,,,,2021-04-17,15,210147125.0,13900091.0,67636,371678,2929,12298863.0,1164843.0,
107,Brasil,,,76,,,,2021-04-18,16,210147125.0,13943071.0,42980,373335,1657,12344861.0,1183552.0,
108,Brasil,,,76,,,,2021-04-19,16,210147125.0,13973695.0,30624,374682,1347,12391599.0,1178137.0,
109,Brasil,,,76,,,,2021-04-20,16,210147125.0,14043076.0,69381,378003,3321,12460712.0,1138301.0,
110,Brasil,,,76,,,,2021-04-21,16,210147125.0,14122795.0,79719,381475,3472,12561689.0,1103384.0,
111,Brasil,,,76,,,,2021-04-22,16,210147125.0,14167973.0,45178,383502,2027,12646132.0,1095188.0,
112,Brasil,,,76,,,,2021-04-23,16,210147125.0,14237078.0,69105,386416,2914,12673785.0,1110686.0,
113,Brasil,,,76,,,,2021-04-24,16,210147125.0,14308215.0,71137,389492,3076,12711103.0,1139559.0,
114,Brasil,,,76,,,,2021-04-25,17,210147125.0,14340787.0,32572,390797,1305,12766772.0,1151951.0,
115,Brasil,,,76,,,,2021-04-26,17,210147125.0,14369423.0,28636,391936,1139,12809169.0,1140821.0,
116,Brasil,,,76,,,,2021-04-27,17,210147125.0,14441563.0,72140,395022,3086,12879051.0,1098436.0,
117,Brasil,,,76,,,,2021-04-28,17,210147125.0,14521289.0,79726,398185,3163,12992442.0,1054099.0,
118,Brasil,,,76,,,,2021-04-29,17,210147125.0,14590678.0,69389,401186,3001,13091714.0,1031390.0,
119,Brasil,,,76,,,,2021-04-30,17,210147125.0,14659011.0,68333,403781,2595,13152118.0,1037374.0,
120,Brasil,,,76,,,,2021-05-01,17,210147125.0,14725975.0,66964,406437,2656,13194538.0,1060692.0,
121,Brasil,,,76,,,,2021-05-02,18,210147125.0,14754910.0,28935,407639,1202,13242665.0,1076873.0,
122,Brasil,,,76,,,,2021-05-03,18,210147125.0,14779529.0,24619,408622,983,13278718.0,1068553.0,
123,Brasil,,,76,,,,2021-05-04,18,210147125.0,14856888.0,77359,411588,2966,13336476.0,1034431.0,
124,Brasil,,,76,,,,2021-05-05,18,210147125.0,14930183.0,73295,414399,2811,13442996.0,1002304.0,
125,Brasil,,,76,,,,2021-05-06,18,210147125.0,15003563.0,73380,416949,2550,13529572.0,986212.0,
126,Brasil,,,76,,,,2021-05-07,18,210147125.0,15082449.0,78886,419114,2165,13591335.0,995279.0,
127,Brasil,,,76,,,,2021-05-08,18,210147125.0,15145879.0,63430,421316,2202,13640478.0,1022857.0,
128,Brasil,,,76,,,,2021-05-09,19,210147125.0,15184790.0,38911,422340,1024,13677668.0,1046895.0,
129,Brasil,,,76,,,,2021-05-10,19,210147125.0,15209990.0,25200,423229,889,13714135.0,1048315.0,
130,Brasil,,,76,,,,2021-05-11,19,210147125.0,15282705.0,72715,425540,2311,13759125.0,1027636.0,
131,Brasil,,,76,,,,2021-05-12,19,210147125.0,15359397.0,76692,428034,2494,13847191.0,1009974.0,
132,Brasil,,,76,,,,2021-05-13,19,210147125.0,15433989.0,74592,430417,2383,13924217.0,1007146.0,
133,Brasil,,,76,,,,2021-05-14,19,210147125.0,15519525.0,85536,432628,2211,13979329.0,1024243.0,
134,Brasil,,,76,,,,2021-05-15,19,210147125.0,15586534.0,67009,434715,2087,14028355.0,1058542.0,
135,Brasil,,,76,,,,2021-05-16,20,210147125.0,15627475.0,40941,435751,1036,14062396.0,1089423.0,
136,Brasil,,,76,,,,2021-05-17,20,210147125.0,15657391.0,29916,436537,786,14097287.0,1094437.0,
137,Brasil,,,76,,,,2021-05-18,20,210147125.0,15732836.0,75445,439050,2513,14152433.0,1068421.0,
138,Brasil,,,76,,,,2021-05-19,20,210147125.0,15812055.0,79219,441691,2641,14247609.0,1046177.0,
139,Brasil,,,76,,,,2021-05-20,20,210147125.0,15894094.0,82039,444094,2403,14330118.0,1040246.0,
140,Brasil,,,76,,,,2021-05-21,20,210147125.0,15970949.0,76855,446309,2215,14385962.0,1064038.0,
141,Brasil,,,76,,,,2021-05-22,20,210147125.0,16047439.0,76490,448208,1899,14422209.0,1102431.0,
142,Brasil,,,76,,,,2021-05-23,21,210147125.0,16083258.0,35819,449068,860,14462432.0,1136799.0,
143,Brasil,,,76,,,,2021-05-24,21,210147125.0,16120756.0,37498,449858,790,14492167.0,1142023.0,
144,Brasil,,,76,,,,2021-05-25,21,210147125.0,16194209.0,73453,452031,2173,14552024.0,1118874.0,
145,Brasil,,,76,,,,2021-05-26,21,210147125.0,16274695.0,80486,454429,2398,14648332.0,1093846.0,
146,Brasil,,,76,,,,2021-05-27,21,210147125.0,16342162.0,67467,456674,2245,14733987.0,1086279.0,
147,Brasil,,,76,,,,2021-05-28,21,210147125.0,16391930.0,49768,459045,2371,14786292.0,1099196.0,
148,Brasil,,,76,,,,2021-05-29,21,210147125.0,16471600.0,79670,461057,2012,14811266.0,1121619.0,
149,Brasil,,,76,,,,2021-05-30,22,210147125.0,16515120.0,43520,461931,874,14869696.0,1140847.0,
150,Brasil,,,76,,,,2021-05-31,22,210147125.0,16545554.0,30434,462791,860,14912744.0,1140445.0,
151,Brasil,,,76,,,,2021-06-01,22,210147125.0,16624480.0,78926,465199,2408,14964631.0,1118132.0,
152,Brasil,,,76,,,,2021-06-02,22,210147125.0,16720081.0,95601,467706,2507,15068146.0,1091135.0,
153,Brasil,,,76,,,,2021-06-03,22,210147125.0,16803472.0,83391,469388,1682,15168330.0,1084045.0,
154,Brasil,,,76,,,,2021-06-04,22,210147125.0,16841408.0,37936,470842,1454,15228983.0,1105101.0,
155,Brasil,,,76,,,,2021-06-05,22,210147125.0,16907425.0,66017,472531,1689,15239692.0,1130874.0,
156,Brasil,,,76,,,,2021-06-06,23,210147125.0,16947062.0,39637,473404,873,15290500.0,1144394.0,
157,Brasil,,,76,,,,2021-06-07,23,210147125.0,16984218.0,37156,474414,1010,15342286.0,1131372.0,
158,Brasil,,,76,,,,2021-06-08,23,210147125.0,17037129.0,52911,476792,2378,15408401.0,1101403.0,
159,Brasil,,,76,,,,2021-06-09,23,210147125.0,17122877.0,85748,479515,2723,15494071.0,1066266.0,
160,Brasil,,,76,,,,2021-06-10,23,210147125.0,17210969.0,88092,482019,2504,15596816.0,1046546.0,
161,Brasil,,,76,,,,2021-06-11,23,210147125.0,17296118.0,85149,484235,2216,15670754.0,1058196.0,
162,Brasil,,,76,,,,2021-06-12,23,210147125.0,17374818.0,78700,486272,2037,15718593.0,1093290.0,
163,Brasil,,,76,,,,2021-06-13,24,210147125.0,17412766.0,37948,487401,1129,15761177.0,1127369.0,
164,Brasil,,,76,,,,2021-06-14,24,210147125.0,17452612.0,39846,488228,827,15794548.0,1130817.0,
165,Brasil,,,76,,,,2021-06-15,24,210147125.0,17533221.0,80609,490696,2468,15854264.0,1110120.0,
166,Brasil,,,76,,,,2021-06-16,24,210147125.0,17628588.0,95367,493693,2997,15944646.0,1097879.0,
167,Brasil,,,76,,,,2021-06-17,24,210147125.0,17702630.0,74042,496004,2311,16030601.0,1104294.0,
168,Brasil,,,76,,,,2021-06-18,24,210147125.0,17801462.0,98832,498499,2495,16077483.0,1129143.0,
169,Brasil,,,76,,,,2021-06-19,24,210147125.0,17883750.0,82288,500800,2301,16136968.0,1165995.0,
170,Brasil,,,76,,,,2021-06-20,25,210147125.0,17927928.0,44178,501825,1025,16183849.0,1199101.0,
171,Brasil,,,76,,,,2021-06-21,25,210147125.0,17966831.0,38903,502586,761,16220238.0,1205865.0,
172,Brasil,,,76,,,,2021-06-22,25,210147125.0,18054653.0,87822,504717,2131,16288392.0,1175853.0,
173,Brasil,,,76,,,,2021-06-23,25,210147125.0,18169881.0,115228,507109,2392,16388847.0,1161089.0,
174,Brasil,,,76,,,,2021-06-24,25,210147125.0,18243483.0,73602,509141,2032,16483635.0,1179137.0,
175,Brasil,,,76,,,,2021-06-25,25,210147125.0,18322760.0,79277,511142,2001,16511701.0,1222641.0,
176,Brasil,,,76,,,,2021-06-26,25,210147125.0,18386894.0,64134,512735,1593,16548159.0,1263459.0,
177,Brasil,,,76,,,,2021-06-27,26,210147125.0,18420598.0,33704,513474,739,16582053.0,1292106.0,
178,Brasil,,,76,,,,2021-06-28,26,210147125.0,18448402.0,27804,514092,618,16613992.0,1293132.0,
179,Brasil,,,76,,,,2021-06-29,26,210147125.0,18513305.0,64903,515985,1893,16673329.0,1260981.0,
180,Brasil,,,76,,,,2021-06-30,26,210147125.0,18557141.0,43836,518066,2081,16779136.0,1218184.0,
0,Brasil,,,76,,,,2021-07-01,26,210147125.0,18622304.0,65163,520095,2029,16858632.0,1180443.0,
1,Brasil,,,76,,,,2021-07-02,26,210147125.0,18687469.0,65165,521952,1857,16931272.0,1170937.0,
2,Brasil,,,76,,,,2021-07-03,26,210147125.0,18742025.0,54556,523587,1635,16989351.0,1176166.0,
3,Brasil,,,76,,,,2021-07-04,27,210147125.0,18769808.0,27783,524417,830,17033808.0,1184630.0,
4,Brasil,,,76,,,,2021-07-05,27,210147125.0,18792511.0,22703,525112,695,17082876.0,1162515.0,
5,Brasil,,,76,,,,2021-07-06,27,210147125.0,18855015.0,62504,526892,1780,17151673.0,1115726.0,
6,Brasil,,,76,,,,2021-07-07,27,210147125.0,18909037.0,54022,528540,1648,17262646.0,1065477.0,
7,Brasil,,,76,,,,2021-07-08,27,210147125.0,18962762.0,53725,530179,1639,17352670.0,1027827.0,
8,Brasil,,,76,,,,2021-07-09,27,210147125.0,19020499.0,57737,531688,1509,17422854.0,1009729.0,
9,Brasil,,,76,,,,2021-07-10,27,210147125.0,19069003.0,48504,532893,1205,17479277.0,1009534.0,
10,Brasil,,,76,,,,2021-07-11,28,210147125.0,19089940.0,20937,533488,595,17530369.0,1005741.0,
11,Brasil,,,76,,,,2021-07-12,28,210147125.0,19106971.0,17031,534233,745,17588312.0,968140.0,
12,Brasil,,,76,,,,2021-07-13,28,210147125.0,19151993.0,45022,535838,1605,17666654.0,906084.0,
13,Brasil,,,76,,,,2021-07-14,28,210147125.0,19209729.0,57736,537394,1556,17770617.0,845538.0,
14,Brasil,,,76,,,,2021-07-15,28,210147125.0,19262518.0,52789,538942,1548,17858633.0,813702.0,
15,Brasil,,,76,,,,2021-07-16,28,210147125.0,19308109.0,45591,540398,1456,17917189.0,806387.0,
16,Brasil,,,76,,,,2021-07-17,28,210147125.0,19342448.0,34339,541266,868,17951699.0,816012.0,
17,Brasil,,,76,,,,2021-07-18,29,210147125.0,19376574.0,34126,542214,948,17983275.0,817907.0,
18,Brasil,,,76,,,,2021-07-19,29,210147125.0,19391845.0,15271,542756,542,18023512.0,810848.0,
19,Brasil,,,76,,,,2021-07-20,29,210147125.0,19419437.0,27592,544180,1424,18067080.0,782009.0,
20,Brasil,,,76,,,,2021-07-21,29,210147125.0,19473954.0,54517,545604,1424,18124621.0,750636.0,
21,Brasil,,,76,,,,2021-07-22,29,210147125.0,19523711.0,49757,547016,1412,18206173.0,722177.0,
22,Brasil,,,76,,,,2021-07-23,29,210147125.0,19632443.0,108732,548340,1324,18331462.0,752641.0,
23,Brasil,,,76,,,,2021-07-24,29,210147125.0,19670534.0,38091,549448,1108,18340760.0,780326.0,
24,Brasil,,,76,,,,2021-07-25,30,210147125.0,19688663.0,18129,549924,476,18349436.0,789303.0,
25,Brasil,,,76,,,,2021-07-26,30,210147125.0,19707662.0,18999,550502,578,18398567.0,758593.0,
26,Brasil,,,76,,,,2021-07-27,30,210147125.0,19749073.0,41411,551835,1333,18466822.0,730416.0,
27,Brasil,,,76,,,,2021-07-28,30,210147125.0,19797086.0,48013,553179,1344,18530306.0,713601.0,
28,Brasil,,,76,,,,2021-07-29,30,210147125.0,19839369.0,42283,554497,1318,18569991.0,714881.0,
29,Brasil,,,76,,,,2021-07-30,30,210147125.0,19880273.0,40904,555460,963,18595380.0,729433.0,
30,Brasil,,,76,,,,2021-07-31,30,210147125.0,19917855.0,37582,556370,910,18619542.0,741943.0,
31,Brasil,,,76,,,,2021-08-01,31,210147125.0,19938358.0,20503,556834,464,18645993.0,735531.0,
32,Brasil,,,76,,,,2021-08-02,31,210147125.0,19953501.0,15143,557223,389,18687203.0,709075.0,
33,Brasil,,,76,,,,2021-08-03,31,210147125.0,19985817.0,32316,558432,1209,18746865.0,680520.0,
34,Brasil,,,76,,,,2021-08-04,31,210147125.0,20026533.0,40716,559607,1175,18800884.0,666042.0,
35,Brasil,,,76,,,,2021-08-05,31,210147125.0,20066587.0,40054,560706,1099,18840232.0,665649.0,
36,Brasil,,,76,,,,2021-08-06,31,210147125.0,20108746.0,42159,561762,1056,18868602.0,678382.0,
37,Brasil,,,76,,,,2021-08-07,31,210147125.0,20151779.0,43033,562752,990,18894631.0,694396.0,
38,Brasil,,,76,,,,2021-08-08,32,210147125.0,20165672.0,13893,563151,399,18907243.0,695278.0,
39,Brasil,,,76,,,,2021-08-09,32,210147125.0,20177757.0,12085,563562,411,18939051.0,675144.0,
40,Brasil,,,76,,,,2021-08-10,32,210147125.0,20212642.0,34885,564773,1211,19022724.0,625145.0,
41,Brasil,,,76,,,,2021-08-11,32,210147125.0,20245085.0,32443,565748,975,19092832.0,586505.0,
42,Brasil,,,76,,,,2021-08-12,32,210147125.0,20285067.0,39982,566896,1148,19151021.0,567150.0,
43,Brasil,,,76,,,,2021-08-13,32,210147125.0,20319000.0,33933,567862,966,19173917.0,577221.0,
44,Brasil,,,76,,,,2021-08-14,32,210147125.0,20350142.0,31142,568788,926,19195514.0,585840.0,
45,Brasil,,,76,,,,2021-08-15,33,210147125.0,20364099.0,13957,569058,270,19218630.0,576411.0,
46,Brasil,,,76,,,,2021-08-16,33,210147125.0,20378570.0,14471,569492,434,19255927.0,553151.0,
47,Brasil,,,76,,,,2021-08-17,33,210147125.0,20416183.0,37613,570598,1106,19313546.0,532039.0,
48,Brasil,,,76,,,,2021-08-18,33,210147125.0,20457897.0,41714,571662,1064,19362990.0,523245.0,
49,Brasil,,,76,,,,2021-08-19,33,210147125.0,20494212.0,36315,572641,979,19393047.0,528524.0,
50,Brasil,,,76,,,,2021-08-20,33,210147125.0,20528099.0,33887,573511,870,19413552.0,541036.0,
51,Brasil,,,76,,,,2021-08-21,33,210147125.0,20556487.0,28388,574209,698,19431197.0,551081.0,
52,Brasil,,,76,,,,2021-08-22,34,210147125.0,20570891.0,14404,574527,318,19448816.0,547548.0,
53,Brasil,,,76,,,,2021-08-23,34,210147125.0,20583994.0,13103,574848,321,19479947.0,529199.0,
54,Brasil,,,76,,,,2021-08-24,34,210147125.0,20614866.0,30872,575742,894,19530843.0,508281.0,
55,Brasil,,,76,,,,2021-08-25,34,210147125.0,20645537.0,30671,576645,903,19577135.0,491757.0,
56,Brasil,,,76,,,,2021-08-26,34,210147125.0,20676561.0,31024,577565,920,19609503.0,489493.0,
57,Brasil,,,76,,,,2021-08-27,34,210147125.0,20703906.0,27345,578326,761,19629675.0,495905.0,
58,Brasil,,,76,,,,2021-08-28,34,210147125.0,20728605.0,24699,579010,684,19646400.0,503195.0,
59,Brasil,,,76,,,,2021-08-29,35,210147125.0,20741815.0,13210,579308,298,19663748.0,498759.0,
60,Brasil,,,76,,,,2021-08-30,35,210147125.0,20752281.0,10466,579574,266,19692898.0,479809.0,
61,Brasil,,,76,,,,2021-08-31,35,210147125.0,20776870.0,24589,580413,839,19735447.0,461010.0,
62,Brasil,,,76,,,,2021-09-01,35,210147125.0,20804215.0,27345,581150,737,19775873.0,447192.0,
63,Brasil,,,76,,,,2021-09-02,35,210147125.0,20830495.0,26280,581914,764,19801725.0,446856.0,
64,Brasil,,,76,,,,2021-09-03,35,210147125.0,20856060.0,25565,582670,756,19820202.0,453188.0,
65,Brasil,,,76,,,,2021-09-04,35,210147125.0,20877864.0,21804,583362,692,19838912.0,455590.0,
66,Brasil,,,76,,,,2021-09-05,36,210147125.0,20890779.0,12915,583628,266,19862438.0,444713.0,
67,Brasil,,,76,,,,2021-09-06,36,210147125.0,20899933.0,9154,583810,182,19894660.0,421463.0,
68,Brasil,,,76,,,,2021-09-07,36,210147125.0,20913578.0,13645,584171,361,19932646.0,396761.0,
69,Brasil,,,76,,,,2021-09-08,36,210147125.0,20928008.0,14430,584421,250,19966693.0,376894.0,
70,Brasil,,,76,,,,2021-09-09,36,210147125.0,20958899.0,30891,585174,753,20002562.0,371163.0,
71,Brasil,,,76,,,,2021-09-10,36,210147125.0,20974850.0,15951,585846,672,20016161.0,372843.0,
72,Brasil,,,76,,,,2021-09-11,36,210147125.0,20989164.0,14314,586558,712,20029040.0,373566.0,
73,Brasil,,,76,,,,2021-09-12,37,210147125.0,20999779.0,10615,586851,293,20050471.0,362457.0,
74,Brasil,,,76,,,,2021-09-13,37,210147125.0,21006424.0,6645,587066,215,20076733.0,342625.0,
75,Brasil,,,76,,,,2021-09-14,37,210147125.0,21019830.0,13406,587797,731,20108417.0,323616.0,
76,Brasil,,,76,,,,2021-09-15,37,210147125.0,21034610.0,14780,588597,800,20138267.0,307746.0,
77,Brasil,,,76,,,,2021-09-16,37,210147125.0,21069017.0,34407,589240,643,20173064.0,306713.0,
78,Brasil,,,76,,,,2021-09-17,37,210147125.0,21080219.0,11202,589573,333,20180106.0,310540.0,
79,Brasil,,,76,,,,2021-09-18,37,210147125.0,21230325.0,150106,590508,935,20280294.0,359523.0,
80,Brasil,,,76,,,,2021-09-19,38,210147125.0,21239783.0,9458,590752,244,20253273.0,395758.0,
81,Brasil,,,76,,,,2021-09-20,38,210147125.0,21247667.0,7884,590955,203,20230891.0,425821.0,
82,Brasil,,,76,,,,2021-09-21,38,210147125.0,21247094.0,-573,591440,485,20250198.0,405456.0,
83,Brasil,,,76,,,,2021-09-22,38,210147125.0,21283567.0,36473,592316,876,20295538.0,395713.0,
84,Brasil,,,76,,,,2021-09-23,38,210147125.0,21308178.0,24611,592964,648,20319520.0,395694.0,
85,Brasil,,,76,,,,2021-09-24,38,210147125.0,21327616.0,19438,593663,699,20326408.0,407545.0,
86,Brasil,,,76,,,,2021-09-25,38,210147125.0,21343304.0,15688,594200,537,20333908.0,415196.0,
87,Brasil,,,76,,,,2021-09-26,39,210147125.0,21351972.0,8668,594443,243,20340373.0,417156.0,
88,Brasil,,,76,,,,2021-09-27,39,210147125.0,21366395.0,14423,594653,210,20361191.0,410551.0,
89,Brasil,,,76,,,,2021-09-28,39,210147125.0,21381790.0,15395,595446,793,20383243.0,403101.0,
90,Brasil,,,76,,,,2021-09-29,39,210147125.0,21399546.0,17756,596122,676,20404701.0,398723.0,
91,Brasil,,,76,,,,2021-09-30,39,210147125.0,21427073.0,27527,596749,627,20425139.0,405185.0,
92,Brasil,,,76,,,,2021-10-01,39,210147125.0,21445651.0,18578,597255,506,20432643.0,415753.0,
93,Brasil,,,76,,,,2021-10-02,39,210147125.0,21459117.0,13466,597723,468,20436127.0,425267.0,
94,Brasil,,,76,,,,2021-10-03,40,210147125.0,21468121.0,9004,597948,225,20442653.0,427520.0,
95,Brasil,,,76,,,,2021-10-04,40,210147125.0,21478546.0,10425,598152,204,20462345.0,418049.0,
96,Brasil,,,76,,,,2021-10-05,40,210147125.0,21499074.0,20528,598829,677,20488785.0,411460.0,
97,Brasil,,,76,,,,2021-10-06,40,210147125.0,21516967.0,17893,599359,530,20554936.0,362672.0,
98,Brasil,,,76,,,,2021-10-07,40,210147125.0,21532558.0,15591,599810,451,20609046.0,323702.0,
99,Brasil,,,76,,,,2021-10-08,40,210147125.0,21550730.0,18172,600425,615,20665273.0,285032.0,
100,Brasil,,,76,,,,2021-10-09,40,210147125.0,21567181.0,16451,600829,404,20670348.0,296004.0,
101,Brasil,,,76,,,,2021-10-10,41,210147125.0,21575820.0,8639,601011,182,20678858.0,295951.0,
102,Brasil,,,76,,,,2021-10-11,41,210147125.0,21582738.0,6918,601213,202,20694669.0,286856.0,
103,Brasil,,,76,,,,2021-10-12,41,210147125.0,21590097.0,7359,601398,185,20720496.0,268203.0,
104,Brasil,,,76,,,,2021-10-13,41,210147125.0,21597949.0,7852,601574,176,20740267.0,256108.0,
105,Brasil,,,76,,,,2021-10-14,41,210147125.0,21612237.0,14288,602099,525,20758597.0,251541.0,
106,Brasil,,,76,,,,2021-10-15,41,210147125.0,21627476.0,15239,602669,570,20773826.0,250981.0,
107,Brasil,,,76,,,,2021-10-16,41,210147125.0,21638726.0,11250,603152,483,20783940.0,251634.0,
108,Brasil,,,76,,,,2021-10-17,42,210147125.0,21644464.0,5738,603282,130,20794497.0,246685.0,
109,Brasil,,,76,,,,2021-10-18,42,210147125.0,21651910.0,7446,603465,183,20813408.0,235037.0,
110,Brasil,,,76,,,,2021-10-19,42,210147125.0,21664879.0,12969,603855,390,20838188.0,222836.0,
111,Brasil,,,76,,,,2021-10-20,42,210147125.0,21680488.0,15609,604228,373,20861055.0,215205.0,
112,Brasil,,,76,,,,2021-10-21,42,210147125.0,21697341.0,16853,604679,451,20875999.0,216663.0,
113,Brasil,,,76,,,,2021-10-22,42,210147125.0,21711843.0,14502,605139,460,20885484.0,221220.0,
114,Brasil,,,76,,,,2021-10-23,42,210147125.0,21723559.0,11716,605457,318,20895886.0,222216.0,
115,Brasil,,,76,,,,2021-10-24,43,210147125.0,21729763.0,6204,605644,187,20907224.0,216895.0,
116,Brasil,,,76,,,,2021-10-25,43,210147125.0,21735560.0,5797,605804,160,20922633.0,207123.0,
117,Brasil,,,76,,,,2021-10-26,43,210147125.0,21748984.0,13424,606246,442,20944087.0,198651.0,
118,Brasil,,,76,,,,2021-10-27,43,210147125.0,21766168.0,17184,606679,433,20965296.0,194193.0,
119,Brasil,,,76,,,,2021-10-28,43,210147125.0,21781436.0,15268,607068,389,20979324.0,195044.0,
120,Brasil,,,76,,,,2021-10-29,43,210147125.0,21793401.0,11965,607462,394,20986901.0,199038.0,
121,Brasil,,,76,,,,2021-10-30,43,210147125.0,21804094.0,10693,607694,232,20992510.0,203890.0,
122,Brasil,,,76,,,,2021-10-31,44,210147125.0,21810855.0,6761,607824,130,20996772.0,206259.0,
123,Brasil,,,76,,,,2021-11-01,44,210147125.0,21814693.0,3838,607922,98,21003105.0,203666.0,
124,Brasil,,,76,,,,2021-11-02,44,210147125.0,21821124.0,6431,608071,149,21015876.0,197177.0,
125,Brasil,,,76,,,,2021-11-03,44,210147125.0,21835785.0,14661,608235,164,21035263.0,192287.0,
126,Brasil,,,76,,,,2021-11-04,44,210147125.0,21849137.0,13352,608671,436,21047296.0,193170.0,
127,Brasil,,,76,,,,2021-11-05,44,210147125.0,21862458.0,13321,609060,389,21054660.0,198738.0,
128,Brasil,,,76,,,,2021-11-06,44,210147125.0,21874324.0,11866,609388,328,21062218.0,202718.0,
129,Brasil,,,76,,,,2021-11-07,45,210147125.0,21880439.0,6115,609447,59,21069794.0,201198.0,
130,Brasil,,,76,,,,2021-11-08,45,210147125.0,21886077.0,5638,609573,126,21082343.0,194161.0,
131,Brasil,,,76,,,,2021-11-09,45,210147125.0,21897025.0,10948,609756,183,21100888.0,186381.0,
132,Brasil,,,76,,,,2021-11-10,45,210147125.0,21909298.0,12273,610036,280,21117407.0,181855.0,
133,Brasil,,,76,,,,2021-11-11,45,210147125.0,21924598.0,15300,610224,188,21130382.0,183992.0,
134,Brasil,,,76,,,,2021-11-12,45,210147125.0,21939196.0,14598,610491,267,21138584.0,190121.0,
135,Brasil,,,76,,,,2021-11-13,45,210147125.0,21953838.0,14642,611222,731,21146255.0,196361.0,
136,Brasil,,,76,,,,2021-11-14,46,210147125.0,21957967.0,4129,611283,61,21151342.0,195342.0,
137,Brasil,,,76,,,,2021-11-15,46,210147125.0,21960766.0,2799,611346,63,21162046.0,187374.0,
138,Brasil,,,76,,,,2021-11-16,46,210147125.0,21965684.0,4918,611478,132,21177367.0,176839.0,
139,Brasil,,,76,,,,2021-11-17,46,210147125.0,21977661.0,11977,611851,373,21194900.0,170910.0,
140,Brasil,,,76,,,,2021-11-18,46,210147125.0,21989962.0,12301,612144,293,21206997.0,170821.0,
141,Brasil,,,76,,,,2021-11-19,46,210147125.0,22003317.0,13355,612370,226,21214823.0,176124.0,
142,Brasil,,,76,,,,2021-11-20,46,210147125.0,22012150.0,8833,612587,217,21217739.0,181824.0,
143,Brasil,,,76,,,,2021-11-21,47,210147125.0,22017276.0,5126,612659,72,21222032.0,182585.0,
144,Brasil,,,76,,,,2021-11-22,47,210147125.0,22019870.0,2594,612782,123,21230357.0,176731.0,
145,Brasil,,,76,,,,2021-11-23,47,210147125.0,22030182.0,10312,613066,284,21247982.0,169134.0,
146,Brasil,,,76,,,,2021-11-24,47,210147125.0,22043112.0,12930,613339,273,21264713.0,165060.0,
147,Brasil,,,76,,,,2021-11-25,47,210147125.0,22055238.0,12126,613642,303,21275209.0,166387.0,
148,Brasil,,,76,,,,2021-11-26,47,210147125.0,22067630.0,12392,613957,315,21282804.0,170869.0,
149,Brasil,,,76,,,,2021-11-27,47,210147125.0,22076863.0,9233,614186,229,21288281.0,174396.0,
150,Brasil,,,76,,,,2021-11-28,48,210147125.0,22080906.0,4043,614278,92,21293314.0,173314.0,
151,Brasil,,,76,,,,2021-11-29,48,210147125.0,22084749.0,3843,614376,98,21304115.0,166258.0,
152,Brasil,,,76,,,,2021-11-30,48,210147125.0,22094459.0,9710,614681,305,21321631.0,158147.0,
153,Brasil,,,76,,,,2021-12-01,48,210147125.0,22105872.0,11413,614964,283,21339118.0,151790.0,
154,Brasil,,,76,,,,2021-12-02,48,210147125.0,22118782.0,12910,615179,215,21351505.0,152098.0,
155,Brasil,,,76,,,,2021-12-03,48,210147125.0,22129409.0,10627,615400,221,21357412.0,156597.0,
156,Brasil,,,76,,,,2021-12-04,48,210147125.0,22138247.0,8838,615570,170,21359352.0,163325.0,
157,Brasil,,,76,,,,2021-12-05,49,210147125.0,22143091.0,4844,615636,66,21362553.0,164902.0,
158,Brasil,,,76,,,,2021-12-06,49,210147125.0,22147476.0,4385,615744,108,21370388.0,161344.0,
159,Brasil,,,76,,,,2021-12-07,49,210147125.0,22157726.0,10250,616018,274,21386271.0,155437.0,
160,Brasil,,,76,,,,2021-12-08,49,210147125.0,22167781.0,10055,616251,233,21399316.0,152214.0,
161,Brasil,,,76,,,,2021-12-09,49,210147125.0,22177059.0,9278,616457,206,21407699.0,152903.0,
162,Brasil,,,76,,,,2021-12-10,49,210147125.0,22184824.0,7765,616691,234,21411803.0,156330.0,
163,Brasil,,,76,,,,2021-12-11,49,210147125.0,22188179.0,3355,616744,53,21414318.0,157117.0,
164,Brasil,,,76,,,,2021-12-12,50,210147125.0,22189867.0,1688,616830,86,21420161.0,152876.0,
165,Brasil,,,76,,,,2021-12-13,50,210147125.0,22191949.0,2082,616878,48,21431386.0,143685.0,
166,Brasil,,,76,,,,2021-12-14,50,210147125.0,22195775.0,3826,616970,92,21444849.0,133956.0,
167,Brasil,,,76,,,,2021-12-15,50,210147125.0,22201221.0,5446,617271,301,21457323.0,126627.0,
168,Brasil,,,76,,,,2021-12-16,50,210147125.0,22204941.0,3720,617395,124,21465103.0,122443.0,
169,Brasil,,,76,,,,2021-12-17,50,210147125.0,22209020.0,4079,617601,206,21470339.0,121080.0,
170,Brasil,,,76,,,,2021-12-18,50,210147125.0,22212343.0,3323,617754,153,21475665.0,118924.0,
171,Brasil,,,76,,,,2021-12-19,51,210147125.0,22213762.0,1419,617803,49,21482323.0,113636.0,
172,Brasil,,,76,,,,2021-12-20,51,210147125.0,22215856.0,2094,617873,70,21493235.0,104748.0,
173,Brasil,,,76,,,,2021-12-21,51,210147125.0,22219477.0,3621,617948,75,21505879.0,95650.0,
